{
  "architecture": "CNN_Classic",
  "window_size": 20,
  "candle_composition": "20x1m+0x3m+0x5m+0x15m",
  "epochs": 20,
  "learning_rate": 0.001,
  "train_samples": 12823,
  "val_samples": 3206,
  "test_samples": 6870,
  "best_val_acc": 0.6731129132875858,
  "test_acc": 0.6743813682678311,
  "train_win_rate": 0.2568041799890821,
  "test_win_rate": 0.2713245997088792,
  "model_path": "C:\\mlang\\models\\sweep_CNN_Classic_v2_zscore.pth"
}