{
  "architecture": "CNN_Classic",
  "window_size": 30,
  "candle_composition": "30x1m+0x3m+0x5m+0x15m",
  "epochs": 10,
  "learning_rate": 0.001,
  "train_samples": 54,
  "val_samples": 14,
  "test_samples": 30,
  "best_val_acc": 0.42857142857142855,
  "test_acc": 0.5666666666666667,
  "train_win_rate": 0.46296296296296297,
  "test_win_rate": 0.43333333333333335,
  "model_path": "C:\\mlang\\models\\sweep_CNN_Classic_20251210_164710_pattern_004_CNN_Classic.pth"
}